Model,Total Return (%),Gross Return (%),Benchmark Return (%),Annualized Return (%),Sharpe Ratio,Sortino Ratio,Max Drawdown (%),Win Rate (%),Total Trades,Exposure (%),Turnover,Total Costs (pp)
always-positive,24.82,25.32,25.32,16.06,0.687,1.164,23.77,58.67,75,100.0,1.0,0.5
always-negative,7.53,7.53,25.32,5.0,0.0,0.0,0.0,0.0,0,0.0,0.0,0.0
random,12.47,21.36,25.32,8.22,0.511,0.816,10.5,62.07,29,38.67,0.3867,8.89
previous-day,19.31,23.19,25.32,12.59,1.174,2.659,5.23,63.33,30,40.0,0.4,3.88
momentum-5d,28.07,29.62,25.32,18.09,1.308,2.422,5.82,63.41,41,54.67,0.5467,1.55
momentum-10d,7.53,7.53,25.32,5.0,0.0,0.0,0.0,0.0,0,0.0,0.0,0.0
ma-crossover,19.68,21.61,25.32,12.83,1.318,3.881,1.35,62.5,16,21.33,0.2133,1.93
logreg,22.38,33.11,25.32,14.54,1.05,1.963,6.39,63.89,36,48.0,0.48,10.74
random-forest,27.47,30.57,25.32,17.71,0.858,1.5,18.66,59.42,69,92.0,0.92,3.1
grad-boosting,5.89,8.46,25.32,3.92,0.02,0.032,8.71,57.14,14,18.67,0.1867,2.57
Pure LSTM (Technical only),24.82,25.32,25.32,16.06,0.687,1.164,23.77,58.67,75,100.0,1.0,0.5
LSTM + Macro,24.82,25.32,25.32,16.06,0.687,1.164,23.77,58.67,75,100.0,1.0,0.5
LSTM + News,10.37,13.5,25.32,6.85,0.286,0.445,13.32,60.0,20,26.67,0.2667,3.14
LSTM + Static Fusion,24.82,25.32,25.32,16.06,0.687,1.164,23.77,58.67,75,100.0,1.0,0.5
Proposed (Adaptive Soft Gating),3.5,9.03,25.32,2.34,0.022,0.033,25.05,57.5,40,53.33,0.5333,5.53
