Model,Threshold,Accuracy,Precision,Recall,F1-Score,ROC-AUC,Balanced-Acc,MCC,PR-AUC,LogLoss,Brier,Pred-Pos-Rate,TN,FP,FN,TP,Total Return (%),Gross Return (%),Benchmark Return (%),Annualized Return (%),Sharpe Ratio,Sortino Ratio,Max Drawdown (%),Win Rate (%),Total Trades,Exposure (%),Turnover,Total Costs (pp),prob_std
always-positive,0.2,58.33,58.33,100.0,73.68,0.5,50.0,0.0,0.5833,1.9247,0.4084,100.0,0,155,0,217,24.82,25.32,25.32,16.06,0.687,1.164,23.77,58.67,75,100.0,1.0,0.5,0.0
always-negative,0.2,41.67,0.0,0.0,0.0,0.5,50.0,0.0,0.5833,2.6905,0.5718,0.0,155,0,217,0,7.53,7.53,25.32,5.0,0.0,0.0,0.0,0.0,0,0.0,0.0,0.0,0.0
random,0.64,51.34,64.75,36.41,46.61,0.5291,54.33,0.091,0.6151,0.9773,0.325,32.8,112,43,138,79,12.47,21.36,25.32,8.22,0.511,0.816,10.5,62.07,29,38.67,0.3867,8.89,0.29326
previous-day,0.58,53.49,63.75,47.0,54.11,0.5053,54.79,0.0954,0.5882,0.7294,0.2656,43.01,97,58,115,102,19.31,23.19,25.32,12.59,1.174,2.659,5.23,63.33,30,40.0,0.4,3.88,0.13271
momentum-5d,0.52,56.18,62.86,60.83,61.83,0.4871,55.25,0.1045,0.565,0.8834,0.3001,56.45,77,78,85,132,28.07,29.62,25.32,18.09,1.308,2.422,5.82,63.41,41,54.67,0.5467,1.55,0.2223
momentum-10d,0.79,42.47,100.0,1.38,2.73,0.5094,50.69,0.0762,0.6066,0.7273,0.2645,0.81,155,0,214,3,7.53,7.53,25.32,5.0,0.0,0.0,0.0,0.0,0,0.0,0.0,0.0,0.13583
ma-crossover,0.68,47.85,64.56,23.5,34.46,0.4889,52.72,0.0655,0.5844,0.7636,0.2798,21.24,127,28,166,51,19.68,21.61,25.32,12.83,1.318,3.881,1.35,62.5,16,21.33,0.2133,1.93,0.16903
logreg,0.39,52.42,61.24,50.23,55.19,0.5082,52.86,0.0564,0.596,0.9568,0.3364,47.85,86,69,108,109,22.38,33.11,25.32,14.54,1.05,1.963,6.39,63.89,36,48.0,0.48,10.74,0.25554
random-forest,0.39,61.29,60.96,93.55,73.82,0.5583,54.84,0.1557,0.6421,0.6897,0.2484,89.52,25,130,14,203,27.47,30.57,25.32,17.71,0.858,1.5,18.66,59.42,69,92.0,0.92,3.1,0.07721
grad-boosting,0.75,47.31,64.0,22.12,32.88,0.5052,52.35,0.0578,0.6105,0.9986,0.3436,20.16,128,27,169,48,5.89,8.46,25.32,3.92,0.02,0.032,8.71,57.14,14,18.67,0.1867,2.57,0.29539
Pure LSTM (Technical only),0.2,58.33,58.33,100.0,73.68,0.555,50.0,0.0,0.6659,0.6953,0.2511,100.0,0,155,0,217,24.82,25.32,25.32,16.06,0.687,1.164,23.77,58.67,75,100.0,1.0,0.5,0.00334
LSTM + Macro,0.2,58.33,58.33,100.0,73.68,0.4614,50.0,0.0,0.5531,0.6951,0.251,100.0,0,155,0,217,24.82,25.32,25.32,16.06,0.687,1.164,23.77,58.67,75,100.0,1.0,0.5,0.00344
LSTM + News,0.5,51.61,70.33,29.49,41.56,0.5384,56.04,0.1385,0.6615,0.6934,0.2501,24.46,128,27,153,64,10.37,13.5,25.32,6.85,0.286,0.445,13.32,60.0,20,26.67,0.2667,3.14,0.00382
LSTM + Static Fusion,0.2,58.33,58.33,100.0,73.68,0.4552,50.0,0.0,0.5877,0.6961,0.2515,100.0,0,155,0,217,24.82,25.32,25.32,16.06,0.687,1.164,23.77,58.67,75,100.0,1.0,0.5,0.00366
Proposed (Adaptive Soft Gating),0.49,51.08,59.07,52.53,55.61,0.5288,50.78,0.0155,0.6232,0.6965,0.2517,51.88,76,79,103,114,3.5,9.03,25.32,2.34,0.022,0.033,25.05,57.5,40,53.33,0.5333,5.53,0.00143
