threshold,accuracy,balanced_accuracy,precision,recall,f1,mcc,pos_rate
0.1,0.5833,0.5,0.5833,1.0,0.7368,0.0,1.0
0.2,0.5833,0.5,0.5833,1.0,0.7368,0.0,1.0
0.3,0.5833,0.5,0.5833,1.0,0.7368,0.0,1.0
0.4,0.5833,0.5,0.5833,1.0,0.7368,0.0,1.0
0.45,0.5833,0.5,0.5833,1.0,0.7368,0.0,1.0
0.47,0.5833,0.5,0.5833,1.0,0.7368,0.0,1.0
0.48,0.5833,0.5,0.5833,1.0,0.7368,0.0,1.0
0.49,0.5538,0.4866,0.5761,0.8894,0.6993,-0.044,0.9005
0.5,0.4167,0.4982,0.5,0.0092,0.0181,-0.0176,0.0108
0.51,0.4167,0.5,0.0,0.0,0.0,0.0,0.0
0.52,0.4167,0.5,0.0,0.0,0.0,0.0,0.0
0.55,0.4167,0.5,0.0,0.0,0.0,0.0,0.0
0.6,0.4167,0.5,0.0,0.0,0.0,0.0,0.0
0.7,0.4167,0.5,0.0,0.0,0.0,0.0,0.0
