NO,Period,BI-7Day-RR
1,17 Desember 2025,4.75 %
2,19 November 2025,4.75 %
3,22 Oktober 2025,4.75 %
4,17 September 2025,4.75 %
5,20 Agustus 2025,5.00 %
6,16 Juli 2025,5.25 %
7,18 Juni 2025,5.50 %
8,21 Mei 2025,5.50 %
9,23 April 2025,5.75 %
10,19 Maret 2025,5.75 %
11,19 Februari 2025,5.75 %
12,15 Januari 2025,5.75 %
13,18 Desember 2024,6.00 %
14,20 November 2024,6.00 %
15,16 Oktober 2024,6.00 %
16,18 September 2024,6.00 %
17,21 Agustus 2024,6.25 %
18,17 Juli 2024,6.25 %
19,20 Juni 2024,6.25 %
20,22 Mei 2024,6.25 %
21,24 April 2024,6.25 %
22,20 Maret 2024,6.00 %
23,21 Februari 2024,6.00 %
24,17 Januari 2024,6.00 %
25,21 Desember 2023,6.00 %
26,23 November 2023,6.00 %
27,19 Oktober 2023,6.00 %
28,21 September 2023,5.75 %
29,24 Agustus 2023,5.75 %
30,25 Juli 2023,5.75 %
31,22 Juni 2023,5.75 %
32,25 Mei 2023,5.75 %
33,18 April 2023,5.75 %
34,16 Maret 2023,5.75 %
35,16 Februari 2023,5.75 %
36,19 Januari 2023,5.75 %
37,22 Desember 2022,5.50 %
38,17 November 2022,5.25 %
39,20 Oktober 2022,4.75 %
40,22 September 2022,4.25 %
41,23 Agustus 2022,3.75 %
42,21 Juli 2022,3.50 %
43,23 Juni 2022,3.50 %
44,24 Mei 2022,3.50 %
45,19 April 2022,3.50 %
46,17 Maret 2022,3.50 %
47,10 Februari 2022,3.50 %
48,20 Januari 2022,3.50 %
49,16 Desember 2021,3.50 %
50,18 November 2021,3.50 %
51,19 Oktober 2021,3.50 %
52,21 September 2021,3.50 %
53,19 Agustus 2021,3.50 %
54,22 Juli 2021,3.50 %
55,17 Juni 2021,3.50 %
56,25 Mei 2021,3.50 %
57,20 April 2021,3.50 %
58,18 Maret 2021,3.50 %
59,18 Februari 2021,3.50 %
60,21 Januari 2021,3.75 %
61,17 Desember 2020,3.75 %
62,19 November 2020,3.75 %
63,13 Oktober 2020,4.00 %
64,17 September 2020,4.00 %
65,19 Agustus 2020,4.00 %
66,16 Juli 2020,4.00 %
67,18 Juni 2020,4.25 %
68,19 Mei 2020,4.50 %
69,14 April 2020,4.50 %
70,19 Maret 2020,4.50 %
71,20 Februari 2020,4.75 %
72,23 Januari 2020,5.00 %
73,19 Desember 2019,5.00 %
74,21 November 2019,5.00 %
75,24 Oktober 2019,5.00 %
76,19 September 2019,5.25 %
77,22 Agustus 2019,5.50 %
78,18 Juli 2019,5.75 %
79,20 Juni 2019,6.00 %
80,16 Mei 2019,6.00 %
81,25 April 2019,6.00 %
82,21 Maret 2019,6.00 %
83,21 Februari 2019,6.00 %
84,17 Januari 2019,6.00 %
85,20 Desember 2018,6.00 %
86,15 November 2018,6.00 %
87,23 Oktober 2018,5.75 %
88,27 September 2018,5.75 %
89,15 Agustus 2018,5.50 %
90,19 Juli 2018,5.25 %
91,29 Juni 2018,5.25 %
92,30 Mei 2018,4.75 %
93,17 Mei 2018,4.50 %
94,19 April 2018,4.25 %
95,22 Maret 2018,4.25 %
96,15 Februari 2018,4.25 %
97,18 Januari 2018,4.25 %
