Date,Open,High,Low,Close,Volume,RSI_14,MACD,MACD_Signal,ATR_14,SMA_20,bi_rate,inflation_rate,usd_idr,future_close,return_5d,target_direction,emb_0,emb_1,emb_2,emb_3,emb_4,emb_5,emb_6,emb_7
2018-01-29,6672.990234375,6686.34716796875,6634.88818359375,6680.619140625,99262500,44.54384592782183,80.44077885752449,53.10277881141131,72.37537792722135,6452.539404296875,4.25,3.25,13296.0,6589.6748046875,-0.013613159801980836,0.0,0.0,0.0,0.0,0.0,0.0,0.0,0.0,0.0
2018-01-30,6666.8271484375,6675.759765625,6546.64599609375,6575.4921875,99970800,37.801285111238975,76.5285421810122,57.7879314853315,76.77521839893768,6464.352124023438,4.25,3.25,13367.0,6478.54296875,-0.014744024627434021,0.0,0.0,0.0,0.0,0.0,0.0,0.0,0.0,0.0
2018-01-31,6547.98681640625,6627.8349609375,6522.6611328125,6605.630859375,113846700,40.578292310905695,74.99550388396165,61.229445965057536,78.80369052222785,6482.059716796875,4.25,3.25,13421.0,6534.869140625,-0.010712333198209505,0.0,0.0,0.0,0.0,0.0,0.0,0.0,0.0,0.0
2018-02-01,6625.35400390625,6658.876953125,6598.458984375,6598.458984375,119722100,40.11926152950182,72.3676405015558,63.457084872357186,77.49042468135444,6497.366625976562,4.25,3.18,13383.0,6544.6337890625,-0.00815723723371727,0.0,0.0,0.0,0.0,0.0,0.0,0.0,0.0,0.0
2018-02-02,6638.1630859375,6655.61279296875,6621.44287109375,6628.81982421875,88106200,43.05597745312845,71.90601806126233,65.14687151013821,76.03780924652555,6511.1207275390625,4.25,3.18,13386.0,6505.52294921875,-0.01860012464806001,0.0,0.0,0.0,0.0,0.0,0.0,0.0,0.0,0.0
2018-02-05,6556.67919921875,6612.451171875,6522.544921875,6589.6748046875,97541600,40.31095859176413,67.60222663618879,65.63794253534833,78.19760161061302,6521.33427734375,4.25,3.18,13411.0,6523.4541015625,-0.010049161011389297,0.0,0.0,0.0,0.0,0.0,0.0,0.0,0.0,0.0
2018-02-06,6505.19287109375,6519.291015625,6426.76416015625,6478.54296875,139033900,33.73525111054228,54.594696850746914,63.42929339842805,84.24853324780138,6526.604223632812,4.25,3.18,13564.0,6578.17822265625,0.015379268824310057,1.0,0.0,0.0,0.0,0.0,0.0,0.0,0.0,0.0
2018-02-07,6525.56298828125,6582.51123046875,6512.07177734375,6534.869140625,117224500,39.152955198660834,48.274706349609005,60.39837598866424,85.65708528144056,6534.788989257812,4.25,3.18,13544.0,6594.40087890625,0.009109859279532007,1.0,0.0,0.0,0.0,0.0,0.0,0.0,0.0,0.0
2018-02-08,6543.625,6549.17919921875,6519.09423828125,6544.6337890625,106322700,40.067751405558205,43.55195405057293,57.029091601045984,81.68764782830195,6542.7037353515625,4.25,3.18,13641.0,6591.58203125,0.007173547627059084,1.0,0.0,0.0,0.0,0.0,0.0,0.0,0.0,0.0
2018-02-09,6491.2861328125,6505.52294921875,6460.64306640625,6505.52294921875,95625500,37.627600935043354,36.23552039227707,52.870377359292206,81.85215317315539,6549.476635742188,4.25,3.18,13598.0,6689.287109375,0.028247407870310916,1.0,0.0,0.0,0.0,0.0,0.0,0.0,0.0,0.0
2018-02-12,6508.0517578125,6531.56005859375,6498.68798828125,6523.4541015625,118793800,39.448322589606825,31.520736711435347,48.60044922972084,78.35357582596572,6556.539599609375,4.25,3.18,13610.0,6662.8759765625,0.02137240069898026,1.0,0.0,0.0,0.0,0.0,0.0,0.0,0.0,0.0
2018-02-13,6545.0,6595.89599609375,6544.671875,6578.17822265625,102882100,44.749168781034804,31.833064151742292,45.24697221412513,77.93131287634317,6563.963916015625,4.25,3.18,13643.0,6643.39990234375,0.009914854459684078,1.0,0.0,0.0,0.0,0.0,0.0,0.0,0.0,0.0
2018-02-14,6577.11083984375,6599.31103515625,6572.4990234375,6594.40087890625,77060800,46.25132345505199,33.00911020438434,42.79939981217697,74.27993422222937,6571.458056640625,4.25,3.18,13640.0,6593.06005859375,-0.00020332708567793182,0.0,0.0,0.0,0.0,0.0,0.0,0.0,0.0,0.0
2018-02-15,6615.90380859375,6624.626953125,6583.18603515625,6591.58203125,85432100,46.017207817097635,33.32947627072008,40.905415103885595,71.93429020412371,6577.403857421875,4.25,3.18,13622.0,6619.80419921875,0.004281546954122949,1.0,0.0,0.0,0.0,0.0,0.0,0.0,0.0,0.0
2018-02-19,6610.73291015625,6689.287109375,6607.9072265625,6689.287109375,96729300,54.596073790259084,40.99478952046229,40.92328998720094,73.77506076990059,6587.323413085937,4.25,3.18,13552.0,6554.6728515625,-0.020123857088424093,0.0,0.0,0.0,0.0,0.0,0.0,0.0,0.0,0.0
2018-02-20,6687.23095703125,6693.4658203125,6625.7421875,6662.8759765625,129364100,52.18200374757548,44.42632874225001,41.62389773821076,73.34281591580056,6595.440771484375,4.25,3.18,13554.0,6598.92578125,-0.00959798674588163,0.0,0.0,0.0,0.0,0.0,0.0,0.0,0.0,0.0
2018-02-21,6649.17919921875,6665.89306640625,6614.23388671875,6643.39990234375,179201300,50.41181386668865,45.05492672771379,42.31010353611136,71.79398475663623,6595.844067382813,4.25,3.18,13608.0,6597.2177734375,-0.0069515804535501815,0.0,0.0,0.0,0.0,0.0,0.0,0.0,0.0,0.0
2018-02-22,6646.34716796875,6648.751953125,6586.31103515625,6593.06005859375,107066100,46.06230798306357,41.0182575370909,42.05173433630727,71.1259085575015,6594.7224609375,4.25,3.18,13612.0,6606.05322265625,0.0019707334601880367,1.0,0.0,0.0,0.0,0.0,0.0,0.0,0.0,0.0
2018-02-23,6608.5341796875,6659.26123046875,6608.5341796875,6619.80419921875,93737300,48.59962845882367,39.521616169370645,41.54571070291995,70.77414165160855,6594.946264648437,4.25,3.18,13676.0,6582.31591796875,-0.005663049860964809,0.0,0.0,0.0,0.0,0.0,0.0,0.0,0.0,0.0
2018-02-26,6615.3740234375,6624.02001953125,6554.6728515625,6554.6728515625,97778800,43.26213874103669,32.70298205206291,39.777164972748544,70.67221495997579,6589.648999023438,4.25,3.18,13652.0,6550.5927734375,-0.0006224686139793221,0.0,0.0,0.0,0.0,0.0,0.0,0.0,0.0,0.0
2018-02-27,6573.69580078125,6598.92578125,6562.83984375,6598.92578125,107099600,47.482456512330685,30.518212025800494,37.925374383358935,68.78512315479895,6585.5643310546875,4.25,3.18,13651.0,6500.11083984375,-0.014974398058396106,0.0,0.0,0.0,0.0,0.0,0.0,0.0,0.0,0.0
2018-02-28,6595.85986328125,6609.40380859375,6564.48193359375,6597.2177734375,97106200,47.336104998163165,28.32246039025813,36.004791584738776,67.08060542945617,6586.650610351562,4.25,3.18,13694.0,6368.26708984375,-0.03470412702087513,0.0,0.0,0.0,0.0,0.0,0.0,0.0,0.0,0.0
2018-03-01,6605.31396484375,6630.12890625,6596.8720703125,6606.05322265625,92351900,48.22511500433251,26.984201235813998,34.20067351495382,64.66462189431644,6586.671728515625,4.25,3.4,13756.0,6443.02099609375,-0.024679217842714537,0.0,0.0,0.0,0.0,0.0,0.0,0.0,0.0,0.0
2018-03-02,6597.7099609375,6597.7099609375,6561.044921875,6582.31591796875,82306900,45.97945036270964,23.73462116839073,32.107463045641204,63.26059895766884,6585.864575195313,4.25,3.4,13741.0,6433.32177734375,-0.022635519546892,0.0,0.0,0.0,0.0,0.0,0.0,0.0,0.0,0.0
2018-03-05,6594.51611328125,6607.1650390625,6543.6611328125,6550.5927734375,77760400,43.09148114502696,18.387552649615827,29.36348096643613,63.27797804997821,6581.95322265625,4.25,3.4,13751.0,6500.68603515625,-0.007618659869015313,0.0,0.0,0.0,0.0,0.0,0.0,0.0,0.0,0.0
2018-03-06,6577.17919921875,6589.72119140625,6492.951171875,6500.11083984375,77769000,38.90387280748623,9.961660359341295,25.48311684501716,65.67026672721191,6577.475024414062,4.25,3.4,13737.0,6412.84619140625,-0.013425101600205585,0.0,0.0,0.0,0.0,0.0,0.0,0.0,0.0,0.0
2018-03-07,6500.9638671875,6516.88818359375,6346.6650390625,6368.26708984375,108599800,30.55292639451075,-7.270795541692678,18.932334367675193,73.13832942750035,6571.96123046875,4.25,3.4,13759.0,6382.623046875,0.00225429568652125,1.0,0.0,0.0,0.0,0.0,0.0,0.0,0.0,0.0
2018-03-08,6410.708984375,6443.05908203125,6371.97216796875,6443.02099609375,87324300,38.600528916335065,-14.725874788467081,12.20069253644674,73.25644819607176,6567.368823242187,4.25,3.4,13745.0,6321.90380859375,-0.018798198480717426,0.0,0.0,0.0,0.0,0.0,0.0,0.0,0.0,0.0
2018-03-09,6448.19384765625,6459.03076171875,6382.89306640625,6433.32177734375,73609100,37.98546874591272,-21.172659457154623,5.526022137726467,73.46225156153092,6561.80322265625,4.25,3.4,13786.0,6304.9521484375,-0.019953864169880285,0.0,0.0,0.0,0.0,0.0,0.0,0.0,0.0,0.0
2018-03-12,6459.32080078125,6500.68603515625,6459.32080078125,6500.68603515625,76177600,44.589292885333094,-20.608488309889253,0.2991200482033234,73.02668057945729,6561.561376953125,4.25,3.4,13772.0,6289.57177734375,-0.032475688976636705,0.0,0.0,0.0,0.0,0.0,0.0,0.0,0.0,0.0
2018-03-13,6497.4638671875,6501.130859375,6399.39111328125,6412.84619140625,82608900,38.78891399638033,-26.93878633343047,-5.148461228123436,75.0776138304782,6556.030981445312,4.25,3.4,13755.0,6243.5771484375,-0.02639530684449982,0.0,0.0,0.0,0.0,0.0,0.0,0.0,0.0,0.0
2018-03-14,6410.88818359375,6412.74609375,6363.630859375,6382.623046875,86246600,37.00521531862254,-34.002389917519395,-10.919246966002628,73.23030798767618,6546.25322265625,4.25,3.4,13740.0,6312.8310546875,-0.010934688085907078,0.0,0.0,0.0,0.0,0.0,0.0,0.0,0.0,0.0
2018-03-15,6366.93017578125,6372.091796875,6316.2099609375,6321.90380859375,82187500,33.656668712856344,-43.992760566605284,-17.533949686123158,72.74336355552074,6532.628369140625,4.25,3.4,13725.0,6254.07421875,-0.01072929799272572,0.0,0.0,0.0,0.0,0.0,0.0,0.0,0.0,0.0
2018-03-16,6323.4130859375,6328.7890625,6236.23876953125,6304.9521484375,88297100,32.76525847732162,-52.67090122360514,-24.561339993619555,74.15814422789427,6518.296875,4.25,3.4,13758.0,6210.6982421875,-0.014949186612519828,0.0,0.0,0.0,0.0,0.0,0.0,0.0,0.0,0.0
2018-03-19,6315.33203125,6319.65185546875,6277.7587890625,6289.57177734375,77658600,31.938719665720043,-60.096700273194074,-31.66841204953446,71.85349581206253,6498.311108398438,4.25,3.4,13748.0,6200.171875,-0.014213988727465625,0.0,0.0,0.0,0.0,0.0,0.0,0.0,0.0,0.0
2018-03-20,6266.5810546875,6271.716796875,6207.16796875,6243.5771484375,76662600,29.538949305420886,-68.89885852652515,-39.1145013449326,72.60708958218306,6477.346166992187,4.25,3.4,13771.0,6209.35009765625,-0.005481961697200388,0.0,0.0,0.0,0.0,0.0,0.0,0.0,0.0,0.0
2018-03-21,6260.18505859375,6315.06689453125,6260.06689453125,6312.8310546875,89583500,37.19128368287739,-69.48543604948918,-45.18868828584392,72.52727933300928,6460.817724609375,4.25,3.4,13743.0,6140.8369140625,-0.02724516768071724,0.0,0.0,0.0,0.0,0.0,0.0,0.0,0.0,0.0
2018-03-22,6331.97998046875,6351.30810546875,6252.97509765625,6254.07421875,77992400,33.83393713727824,-73.84030351634556,-50.91901133194425,74.37054565297291,6443.868432617188,4.25,3.4,13705.0,6188.98681640625,-0.010407200181381762,0.0,0.0,0.0,0.0,0.0,0.0,0.0,0.0,0.0
2018-03-23,6138.10888671875,6210.6982421875,6085.205078125,6210.6982421875,75539100,31.568341902925795,-79.87094363905271,-56.709397793365945,81.12044529383198,6423.413134765625,4.25,3.4,13754.0,6240.57080078125,0.004809855096619288,1.0,0.0,0.0,0.0,0.0,0.0,0.0,0.0,0.0
2018-03-26,6178.72802734375,6205.5732421875,6167.3388671875,6200.171875,62145400,31.02539048238816,-84.5253041531223,-62.27257906531722,78.42322598712968,6405.6880859375,4.25,3.4,13762.0,6229.01318359375,0.0046516950134950896,1.0,0.0,0.0,0.0,0.0,0.0,0.0,0.0,0.0
2018-03-27,6246.22802734375,6274.298828125,6188.60791015625,6209.35009765625,70878900,32.12162977764123,-86.47646566418098,-67.11335638508997,78.94234684295971,6386.209301757813,4.25,3.4,13718.0,6157.09619140625,-0.008415358359278775,0.0,0.0,0.0,0.0,0.0,0.0,0.0,0.0,0.0
2018-03-28,6195.47705078125,6197.005859375,6116.88720703125,6140.8369140625,61446800,28.48252288394289,-92.48510581662867,-72.18770627139772,79.9080999702483,6363.3902587890625,4.25,3.4,13740.0,6183.22705078125,0.006902990148081722,1.0,0.0,0.0,0.0,0.0,0.0,0.0,0.0,0.0
2018-03-29,6153.64501953125,6188.98681640625,6101.76513671875,6188.98681640625,59162000,34.130435612082735,-92.29775069706102,-76.20971515653038,80.43049852148057,6342.536938476563,4.25,3.4,13756.0,6175.0517578125,-0.0022515896393267244,0.0,0.0,0.0,0.0,0.0,0.0,0.0,0.0,0.0
2018-04-02,6194.51318359375,6240.57080078125,6168.373046875,6240.57080078125,58966000,39.630845359663184,-86.98417456267543,-78.3646070377594,79.84244533467839,6325.449682617187,4.25,3.41,13768.0,6246.130859375,0.0008909535315349587,1.0,0.0,0.0,0.0,0.0,0.0,0.0,0.0,0.0
2018-04-03,6212.76708984375,6234.56884765625,6202.12890625,6229.01318359375,61788600,38.848104173383724,-82.75181885339771,-79.24204940088707,76.8852631344335,6309.370703125,4.25,3.41,13748.0,6325.81787109375,0.015540934759131424,1.0,0.0,0.0,0.0,0.0,0.0,0.0,0.0,0.0
2018-04-04,6240.98388671875,6250.14208984375,6137.162109375,6157.09619140625,72730600,34.30742455554473,-84.22979801517795,-80.23959912374525,79.46345722974182,6292.219970703125,4.25,3.41,13741.0,6360.93212890625,0.03310585561169297,1.0,0.0,0.0,0.0,0.0,0.0,0.0,0.0,0.0
2018-04-05,6194.10107421875,6211.87109375,6176.7041015625,6183.22705078125,62063900,37.18053375686449,-82.3433621602735,-80.66035173105091,77.69998902359954,6282.96796875,4.25,3.41,13751.0,6310.8017578125,0.02063238273210927,1.0,0.0,0.0,0.0,0.0,0.0,0.0,0.0,0.0
2018-04-06,6184.8701171875,6192.4228515625,6165.205078125,6175.0517578125,59659700,36.64060948744684,-80.57915958017475,-80.64411330087567,74.09411648173528,6269.569506835937,4.25,3.41,13760.0,6270.3271484375,0.015429083732692651,1.0,0.0,0.0,0.0,0.0,0.0,0.0,0.0,0.0
2018-04-09,6179.380859375,6246.130859375,6178.1767578125,6246.130859375,64251100,44.22437602180085,-72.60854080069385,-79.03699880083931,73.87875827321848,6260.2099609375,4.25,3.41,13763.0,6286.748046875,0.006502775624535064,1.0,0.0,0.0,0.0,0.0,0.0,0.0,0.0,0.0
2018-04-10,6244.35205078125,6334.47021484375,6243.0,6325.81787109375,63897300,51.266899472302,-59.17950759361338,-75.06550055939412,75.1352908853993,6251.466552734375,4.25,3.41,13768.0,6285.76220703125,-0.006332092526017395,0.0,0.0,0.0,0.0,0.0,0.0,0.0,0.0,0.0
2018-04-11,6352.60498046875,6380.35400390625,6349.64208984375,6360.93212890625,72747400,54.02186309781936,-45.18263756207034,-69.08892795992938,73.66392245162078,6248.870849609375,4.25,3.41,13742.099609375,6320.0048828125,-0.0064341585893933064,0.0,0.0,0.0,0.0,0.0,0.0,0.0,0.0,0.0
2018-04-12,6351.046875,6356.14599609375,6289.86376953125,6310.8017578125,65143600,49.702019980003314,-37.70053095723415,-62.811248559390336,73.478525089005,6245.27978515625,4.25,3.41,13753.5,6355.90087890625,0.007146337791061054,1.0,0.0,0.0,0.0,0.0,0.0,0.0,0.0,0.0
2018-04-13,6322.94677734375,6335.205078125,6270.3271484375,6270.3271484375,55764300,46.47094976769624,-34.63758971034349,-57.176516789580965,72.86419684604037,6242.700952148438,4.25,3.41,13767.0,6337.69482421875,0.010743885316739386,1.0,0.0,0.0,0.0,0.0,0.0,0.0,0.0,0.0
2018-04-16,6279.6328125,6305.03076171875,6262.23876953125,6286.748046875,56984800,47.94936795215663,-30.53318983003919,-51.84785139767261,70.7161822275732,6241.790747070312,4.25,3.41,13733.0,6308.14794921875,0.003403970094584498,1.0,0.0,0.0,0.0,0.0,0.0,0.0,0.0,0.0
2018-04-17,6290.86376953125,6303.97119140625,6259.5927734375,6285.76220703125,89647000,47.86389868818487,-27.04817783351882,-46.887916684841855,68.83491335194297,6241.600268554687,4.25,3.41,13766.0,6229.634765625,-0.0089292976026783,0.0,0.0,0.0,0.0,0.0,0.0,0.0,0.0,0.0
2018-04-18,6302.97900390625,6320.0048828125,6297.94677734375,6320.0048828125,79669800,51.122857664797465,-21.277904522259632,-41.76591425232541,66.36403923975062,6245.421655273438,4.25,3.41,13757.0,6079.85009765625,-0.03799914550847268,0.0,0.0,0.0,0.0,0.0,0.0,0.0,0.0,0.0
2018-04-19,6321.22412109375,6355.90087890625,6319.576171875,6355.90087890625,75020900,54.344632489590424,-13.651053612543365,-36.142942124369,64.21837265342916,6247.575146484375,4.25,3.41,13769.0,5909.1982421875,-0.07028156121837137,0.0,0.0,0.0,0.0,0.0,0.0,0.0,0.0,0.0
2018-04-20,6355.99609375,6360.31591796875,6314.2021484375,6337.69482421875,60183000,52.45603522402793,-8.972367904931161,-30.708827280481433,62.925186716130646,6251.756176757813,4.25,3.41,13800.0,5919.23779296875,-0.06602669312048855,0.0,0.0,0.0,0.0,0.0,0.0,0.0,0.0,0.0
2018-04-23,6328.64599609375,6335.44921875,6298.37890625,6308.14794921875,62110600,49.45237861140591,-7.561497417143983,-26.079361307813947,61.23881037703203,6256.628662109375,4.25,3.41,13899.0,5994.59521484375,-0.04970598928546576,0.0,0.0,0.0,0.0,0.0,0.0,0.0,0.0,0.0
2018-04-24,6313.72314453125,6316.703125,6225.5478515625,6229.634765625,58631000,42.490005097340585,-12.633103590404971,-23.390109764332156,63.37570059563689,6258.101806640625,4.25,3.41,13961.0,6012.23779296875,-0.03489722605502367,0.0,0.0,0.0,0.0,0.0,0.0,0.0,0.0,0.0
