month,missing_rate,n_missing,n_days
2018-01,1.0,3,3
2018-02,1.0,19,19
2018-03,1.0,21,21
2018-04,1.0,21,21
2018-05,1.0,20,20
2018-06,1.0,13,13
2018-07,1.0,22,22
2018-08,0.0,0,21
2018-09,0.0,0,19
2018-10,0.0,0,23
2018-11,0.0,0,21
2018-12,0.0,0,18
2019-01,0.0,0,22
2019-02,0.0,0,19
2019-03,0.0,0,20
2019-04,0.0,0,19
2019-05,0.0,0,21
2019-06,0.0,0,15
2019-07,0.0,0,23
2019-08,0.0,0,22
2019-09,0.0,0,21
2019-10,0.0,0,23
2019-11,0.0,0,21
2019-12,0.0,0,19
2020-01,0.0,0,22
2020-02,0.0,0,20
2020-03,0.0,0,21
2020-04,0.0,0,21
2020-05,0.0,0,16
2020-06,0.0,0,21
2020-07,0.0,0,22
2020-08,0.0,0,18
2020-09,0.0,0,22
2020-10,0.0,0,19
2020-11,0.0,0,21
2020-12,0.0,0,19
2021-01,0.0,0,20
2021-02,0.0,0,19
2021-03,0.0,0,22
2021-04,0.0,0,21
2021-05,0.0,0,17
2021-06,0.0,0,21
2021-07,0.0,0,21
2021-08,0.0,0,20
2021-09,0.0,0,22
2021-10,0.0,0,20
2021-11,0.0,0,22
2021-12,0.0,0,22
2022-01,0.0,0,21
2022-02,0.16666666666666666,3,18
2022-03,0.09090909090909091,2,22
2022-04,0.0,0,19
2022-05,0.0,0,15
2022-06,0.047619047619047616,1,21
2022-07,0.0,0,21
2022-08,0.13636363636363635,3,22
2022-09,0.13636363636363635,3,22
2022-10,0.0,0,21
2022-11,0.045454545454545456,1,22
2022-12,0.0,0,22
2023-01,0.0,0,21
2023-02,0.0,0,20
2023-03,0.0,0,21
2023-04,0.0,0,14
2023-05,0.0,0,21
2023-06,0.0,0,17
2023-07,0.0,0,20
2023-08,0.0,0,22
2023-09,0.0,0,20
2023-10,0.0,0,22
2023-11,0.0,0,22
2023-12,0.0,0,19
2024-01,0.0,0,22
2024-02,0.0,0,18
2024-03,0.0,0,18
2024-04,0.0,0,16
2024-05,0.0,0,18
2024-06,0.0,0,18
2024-07,0.0,0,23
2024-08,0.0,0,22
2024-09,0.0,0,20
2024-10,0.0,0,23
2024-11,0.05,1,20
2024-12,0.0,0,19
2025-01,0.0,0,19
2025-02,0.0,0,20
2025-03,0.0,0,19
2025-04,0.0,0,16
2025-05,0.0,0,17
2025-06,0.0,0,18
2025-07,0.0,0,23
2025-08,0.0,0,20
2025-09,0.0,0,21
2025-10,0.043478260869565216,1,23
2025-11,0.05,1,20
2025-12,0.0,0,15
