Date,alpha_tech,beta_macro,gamma_news
2024-06-07,0.29668596,0.4173408,0.28597322
2024-06-10,0.29558012,0.42181492,0.28260502
2024-06-11,0.29567713,0.41644827,0.28787467
2024-06-12,0.29508835,0.4181755,0.28673616
2024-06-13,0.29490188,0.41890952,0.28618866
2024-06-14,0.29527086,0.42016447,0.28456464
2024-06-19,0.29411665,0.42015424,0.2857291
2024-06-20,0.2950053,0.4208799,0.28411478
2024-06-21,0.29337928,0.4236434,0.2829773
2024-06-24,0.29428524,0.4205243,0.28519043
2024-06-25,0.29392272,0.42183962,0.2842377
2024-06-26,0.29442728,0.42012715,0.28544554
2024-06-27,0.2952213,0.41901666,0.28576207
2024-06-28,0.29514465,0.41880375,0.28605157
2024-07-01,0.2957398,0.4185996,0.2856606
2024-07-02,0.2953533,0.41966128,0.28498545
2024-07-03,0.29545546,0.41980693,0.28473765
2024-07-04,0.29664144,0.41535637,0.28800216
2024-07-05,0.29524156,0.4188684,0.28589
2024-07-08,0.29488966,0.42011526,0.28499505
2024-07-09,0.29663885,0.41660005,0.28676105
2024-07-10,0.29635766,0.41595733,0.28768504
2024-07-11,0.29610816,0.41761914,0.2862727
2024-07-12,0.29576367,0.41694698,0.28728935
2024-07-15,0.29513028,0.4200904,0.28477928
2024-07-16,0.2946516,0.42034242,0.285006
2024-07-17,0.29495734,0.41971895,0.2853237
2024-07-18,0.29535663,0.41893387,0.28570953
2024-07-19,0.29632017,0.41717228,0.28650755
2024-07-22,0.2945688,0.42190737,0.28352383
2024-07-23,0.29437804,0.42169133,0.2839306
2024-07-24,0.2954473,0.41898486,0.2855679
2024-07-25,0.29553297,0.4189266,0.28554043
2024-07-26,0.29513547,0.42033383,0.28453073
2024-07-29,0.2955133,0.41925365,0.285233
2024-07-30,0.29723245,0.4141253,0.28864226
2024-07-31,0.29760945,0.41385543,0.28853515
2024-08-01,0.29636773,0.41621473,0.28741753
2024-08-02,0.29623377,0.41479138,0.28897482
2024-08-05,0.29572204,0.4181341,0.2861438
2024-08-06,0.2965085,0.4155416,0.28794995
2024-08-07,0.29617763,0.41619724,0.28762516
2024-08-08,0.2952465,0.41925263,0.28550088
2024-08-09,0.29552034,0.41906723,0.28541246
2024-08-12,0.29552716,0.41961944,0.28485346
2024-08-13,0.29620773,0.4161643,0.28762797
2024-08-14,0.29597998,0.41639894,0.28762114
2024-08-15,0.29506758,0.4199981,0.28493428
2024-08-16,0.29378673,0.42338058,0.28283268
2024-08-19,0.29441902,0.42016238,0.28541866
2024-08-20,0.2930514,0.42422277,0.28272584
2024-08-21,0.2954307,0.41838783,0.28618148
2024-08-22,0.29462802,0.42086938,0.28450254
2024-08-23,0.29522198,0.4186446,0.28613344
2024-08-26,0.294082,0.4229524,0.28296563
2024-08-27,0.29468125,0.42152923,0.28378952
2024-08-28,0.29551944,0.41907683,0.28540373
2024-08-29,0.29608867,0.4160391,0.28787228
2024-08-30,0.2960702,0.41580287,0.28812698
2024-09-02,0.2958486,0.41757968,0.2865717
2024-09-03,0.29578033,0.4171673,0.2870524
2024-09-04,0.29573345,0.41705975,0.2872068
2024-09-05,0.29666176,0.41537118,0.28796706
2024-09-06,0.29699287,0.4138873,0.28911984
2024-09-09,0.29622808,0.41651216,0.2872598
2024-09-10,0.29602015,0.41740507,0.28657478
2024-09-11,0.29710007,0.41507092,0.287829
2024-09-12,0.29528078,0.4188746,0.28584462
2024-09-13,0.2956996,0.41779137,0.28650907
2024-09-17,0.29532802,0.4177023,0.28696975
2024-09-18,0.2944658,0.4207366,0.28479755
2024-09-19,0.296033,0.41659126,0.28737575
2024-09-20,0.29492155,0.42101675,0.28406173
2024-09-23,0.29516584,0.41954646,0.28528774
2024-09-24,0.29366064,0.42507485,0.28126454
2024-09-25,0.2953959,0.4182735,0.28633058
2024-09-26,0.29587594,0.4182753,0.28584886
2024-09-27,0.2957071,0.41792354,0.28636938
2024-09-30,0.2954639,0.41750404,0.28703204
2024-10-01,0.29635647,0.41700974,0.28663376
2024-10-02,0.2957412,0.41763407,0.28662467
2024-10-03,0.29602328,0.41765448,0.28632224
2024-10-04,0.29623926,0.4162339,0.28752688
2024-10-07,0.2955797,0.4175609,0.2868594
2024-10-08,0.29659098,0.4157309,0.28767815
2024-10-09,0.2963877,0.4167592,0.28685313
2024-10-10,0.2941675,0.4235994,0.28223318
2024-10-11,0.29412758,0.42182195,0.28405043
2024-10-14,0.29494348,0.4195185,0.28553808
2024-10-15,0.2947733,0.42016906,0.28505763
2024-10-16,0.29539427,0.4180986,0.2865072
2024-10-17,0.2961656,0.41728705,0.2865474
2024-10-18,0.296299,0.41817617,0.28552485
2024-10-21,0.29452655,0.41948578,0.28598768
2024-10-22,0.2954358,0.41938394,0.28518027
2024-10-23,0.29546177,0.4238862,0.28065202
2024-10-24,0.29643863,0.416735,0.2868263
2024-10-25,0.29591703,0.41863123,0.28545174
2024-10-28,0.2955361,0.41963497,0.28482893
2024-10-29,0.29614288,0.4164881,0.287369
2024-10-30,0.2959012,0.41885707,0.2852418
2024-10-31,0.29607978,0.41624257,0.2876776
2024-11-01,0.29595628,0.4185278,0.28551596
2024-11-04,0.29580534,0.41877577,0.28541887
2024-11-05,0.29510114,0.41914636,0.28575256
2024-11-06,0.29607347,0.41677368,0.28715286
2024-11-07,0.29422218,0.42361394,0.2821639
2024-11-08,0.29489163,0.4212557,0.28385273
2024-11-11,0.29545504,0.41950566,0.28503925
2024-11-12,0.29525492,0.41640365,0.2883414
2024-11-13,0.29578188,0.41756377,0.28665438
2024-11-14,0.29610237,0.41637388,0.28752372
2024-11-15,0.28428897,0.4066388,0.30907226
2024-11-18,0.2955794,0.41819566,0.2862249
2024-11-19,0.29606327,0.41783223,0.28610444
2024-11-20,0.29588982,0.4171103,0.28699988
2024-11-21,0.29591566,0.4184606,0.28562373
2024-11-22,0.29561016,0.41724098,0.28714883
2024-11-25,0.29566577,0.41478986,0.2895444
2024-11-26,0.29629356,0.41681397,0.2868924
2024-11-28,0.29557827,0.4178668,0.28655496
2024-11-29,0.29604703,0.41621923,0.2877338
2024-12-02,0.29519254,0.4204403,0.2843672
2024-12-03,0.2960873,0.41752788,0.28638485
2024-12-04,0.2930526,0.42356953,0.28337786
2024-12-05,0.29426175,0.42093396,0.28480425
2024-12-06,0.29498845,0.41894937,0.28606215
2024-12-09,0.29538187,0.4197894,0.28482872
2024-12-10,0.29533753,0.41877386,0.28588864
2024-12-11,0.29501942,0.42116517,0.28381532
2024-12-12,0.29691464,0.41413003,0.28895527
2024-12-13,0.29645434,0.41819552,0.2853501
2024-12-16,0.29583958,0.41890398,0.28525648
2024-12-17,0.29579717,0.41931248,0.2848903
2024-12-18,0.2963645,0.4164251,0.28721043
2024-12-19,0.2965518,0.41596475,0.28748342
2024-12-20,0.2961177,0.4167421,0.2871402
2024-12-23,0.29518586,0.42435104,0.28046304
2024-12-24,0.29585373,0.41771892,0.2864274
2024-12-27,0.2951522,0.41860598,0.28624174
2024-12-30,0.29410738,0.4223442,0.28354847
2025-01-02,0.29467103,0.42293444,0.28239453
2025-01-03,0.29612422,0.41787866,0.28599718
2025-01-06,0.29637694,0.4171473,0.28647572
2025-01-07,0.2961507,0.41804346,0.28580585
2025-01-08,0.29679778,0.41663826,0.2865639
2025-01-09,0.2962335,0.41576535,0.2880012
2025-01-10,0.29529643,0.4208746,0.28382894
2025-01-13,0.29561633,0.41868708,0.28569663
2025-01-14,0.29540166,0.42094985,0.28364846
2025-01-15,0.2960485,0.4167138,0.28723773
2025-01-16,0.29599932,0.41776776,0.28623286
2025-01-17,0.29543817,0.41889465,0.28566724
2025-01-20,0.2953858,0.42038235,0.2842318
2025-01-21,0.29658887,0.41677633,0.2866348
2025-01-22,0.29657236,0.41777864,0.28564903
2025-01-23,0.2952858,0.4217928,0.2829214
2025-01-24,0.2964542,0.415468,0.2880779
2025-01-30,0.29555666,0.41902143,0.28542194
2025-01-31,0.2959745,0.41864952,0.28537592
2025-02-03,0.29580647,0.420442,0.2837516
2025-02-04,0.29579654,0.41932705,0.28487647
2025-02-05,0.29691502,0.41753355,0.28555143
2025-02-06,0.29531604,0.42064112,0.2840429
2025-02-07,0.29611588,0.418578,0.28530604
2025-02-10,0.29472935,0.42183045,0.28344017
2025-02-11,0.2965246,0.4181835,0.2852919
2025-02-12,0.29439452,0.4217174,0.283888
2025-02-13,0.2965592,0.41686592,0.28657484
2025-02-14,0.29538614,0.41941068,0.28520325
2025-02-17,0.29589674,0.41812155,0.28598166
2025-02-18,0.29570708,0.41980496,0.28448805
2025-02-19,0.29696867,0.41610757,0.28692374
2025-02-20,0.29742885,0.41577458,0.28679657
2025-02-21,0.29645416,0.4190582,0.28448763
2025-02-24,0.294747,0.422934,0.2823191
2025-02-25,0.2958025,0.41976738,0.28443015
2025-02-26,0.29565513,0.42003766,0.28430724
2025-02-27,0.29652962,0.4170964,0.286374
2025-02-28,0.2937034,0.42483878,0.2814578
2025-03-03,0.29352206,0.42289314,0.28358486
2025-03-04,0.29373434,0.42214185,0.28412384
2025-03-05,0.29367575,0.42323187,0.28309244
2025-03-06,0.29597172,0.41723076,0.28679752
2025-03-07,0.2930199,0.42410573,0.2828743
2025-03-10,0.29461837,0.42143127,0.28395036
2025-03-11,0.29534703,0.41915444,0.28549853
2025-03-12,0.29591012,0.41678572,0.2873042
2025-03-13,0.2941963,0.4223228,0.2834809
2025-03-14,0.2954739,0.4183815,0.28614464
2025-03-17,0.29441208,0.42096198,0.28462592
2025-03-18,0.29116368,0.42669123,0.28214505
2025-03-19,0.2908458,0.42721447,0.28193974
2025-03-20,0.29169443,0.4268944,0.28141117
2025-03-21,0.293462,0.42310572,0.2834323
2025-03-24,0.29289123,0.42321315,0.2838956
2025-03-25,0.29179138,0.42546728,0.2827413
2025-03-26,0.29344758,0.42316884,0.28338358
2025-03-27,0.29427856,0.42111757,0.28460395
2025-04-08,0.2916485,0.42562118,0.2827303
2025-04-09,0.29226547,0.42441148,0.28332314
2025-04-10,0.2925344,0.42453673,0.28292888
2025-04-11,0.29232717,0.42444703,0.28322577
2025-04-14,0.29253408,0.42375243,0.28371346
2025-04-15,0.29316574,0.42284334,0.28399086
2025-04-16,0.29381135,0.42202717,0.28416145
2025-04-17,0.29440776,0.41744694,0.2881453
2025-04-21,0.29351327,0.42169973,0.284787
2025-04-22,0.2946104,0.4201033,0.28528628
2025-04-23,0.29583043,0.41539434,0.28877524
2025-04-24,0.29381657,0.42267358,0.28350994
2025-04-25,0.2940398,0.42170256,0.28425756
2025-04-28,0.29414326,0.42178532,0.2840714
2025-04-29,0.2943968,0.41857192,0.28703126
2025-04-30,0.29475775,0.41771778,0.28752443
2025-05-02,0.29385403,0.42182854,0.28431743
2025-05-05,0.29588768,0.41600734,0.28810498
2025-05-06,0.29629242,0.4158511,0.28785643
2025-05-07,0.29358664,0.42242426,0.2839891
2025-05-08,0.29404795,0.42247698,0.28347516
2025-05-09,0.29532745,0.41706762,0.28760487
2025-05-14,0.2947759,0.41899917,0.28622493
2025-05-15,0.29613727,0.41765344,0.28620926
2025-05-16,0.2956243,0.41848192,0.2858938
2025-05-19,0.29660583,0.41459888,0.28879532
2025-05-20,0.29612505,0.41944778,0.2844272
2025-05-21,0.29503855,0.41872045,0.286241
2025-05-22,0.2936245,0.42337215,0.2830033
2025-05-23,0.2950746,0.4189523,0.2859731
2025-05-26,0.29384074,0.42232284,0.2838364
2025-05-27,0.29443246,0.42047024,0.2850973
2025-05-28,0.2949487,0.41867575,0.28637558
2025-06-02,0.29534188,0.41863835,0.28601977
2025-06-03,0.29360673,0.42205283,0.28434047
2025-06-04,0.29468656,0.41922566,0.28608772
2025-06-05,0.2942573,0.4190896,0.28665313
2025-06-10,0.29512966,0.4171123,0.287758
2025-06-11,0.29566872,0.4178743,0.28645697
2025-06-12,0.29591575,0.41719237,0.28689185
2025-06-13,0.29353106,0.42137006,0.28509885
2025-06-16,0.2941038,0.42198175,0.28391448
2025-06-17,0.29413727,0.4218044,0.2840584
2025-06-18,0.29449028,0.42135277,0.28415695
2025-06-19,0.2936703,0.42203885,0.28429094
2025-06-20,0.29510498,0.4188375,0.28605753
2025-06-23,0.29500043,0.4191538,0.2858458
2025-06-24,0.29575616,0.41767848,0.28656527
2025-06-25,0.2940357,0.42383254,0.28213173
2025-06-26,0.29508933,0.417847,0.2870636
2025-06-30,0.29409316,0.42097276,0.2849341
2025-07-01,0.2942236,0.41936964,0.28640673
2025-07-02,0.2945537,0.4183987,0.28704765
2025-07-03,0.29392767,0.421314,0.28475833
2025-07-04,0.29364288,0.42056483,0.2857923
2025-07-07,0.29361725,0.42118067,0.28520215
2025-07-08,0.2933228,0.4222973,0.28437987
2025-07-09,0.29419667,0.42128634,0.28451696
2025-07-10,0.29466438,0.42021245,0.28512314
2025-07-11,0.29453036,0.4194753,0.28599432
2025-07-14,0.29451945,0.41933763,0.28614295
2025-07-15,0.29542994,0.41954997,0.28502008
2025-07-16,0.29269642,0.42262605,0.2846775
2025-07-17,0.29464525,0.41819313,0.28716165
2025-07-18,0.29469794,0.41863483,0.28666723
2025-07-21,0.2942329,0.41858402,0.28718308
2025-07-22,0.2938108,0.42000875,0.28618047
2025-07-23,0.29309207,0.422877,0.2840309
2025-07-24,0.29389727,0.41976452,0.28633827
2025-07-25,0.29501423,0.41830236,0.28668338
2025-07-28,0.29281053,0.42239502,0.2847945
2025-07-29,0.29456672,0.42078432,0.28464895
2025-07-30,0.2941779,0.41831747,0.28750464
2025-07-31,0.29502323,0.41621295,0.2887638
2025-08-01,0.29293752,0.42184457,0.2852179
2025-08-04,0.29350588,0.42016286,0.28633127
2025-08-05,0.29407457,0.42125586,0.28466952
2025-08-06,0.29451963,0.41845456,0.28702584
2025-08-07,0.2950773,0.4168078,0.28811494
2025-08-08,0.2944359,0.4182934,0.28727078
2025-08-11,0.2941033,0.42062992,0.28526682
2025-08-12,0.29475173,0.41938812,0.28586012
2025-08-13,0.29523733,0.41572905,0.28903362
2025-08-14,0.2931283,0.4243007,0.28257096
2025-08-15,0.29339257,0.4230897,0.2835177
2025-08-19,0.29294503,0.42426065,0.28279436
2025-08-20,0.29450285,0.4193944,0.2861027
2025-08-21,0.29416564,0.41707402,0.28876033
2025-08-22,0.29429582,0.41605923,0.28964487
2025-08-25,0.2944295,0.41723764,0.28833285
2025-08-26,0.29472387,0.41515937,0.2901168
2025-08-27,0.29402044,0.4185225,0.28745708
2025-08-28,0.29477632,0.41717407,0.28804958
2025-08-29,0.29181716,0.4231081,0.28507474
2025-09-01,0.28978604,0.4271657,0.28304824
2025-09-02,0.29230076,0.42178553,0.28591377
2025-09-03,0.2934055,0.41934067,0.2872538
2025-09-04,0.2920807,0.42289123,0.28502813
2025-09-08,0.2910211,0.42480233,0.2841766
2025-09-09,0.2905573,0.42499942,0.28444323
2025-09-10,0.2919993,0.42233586,0.28566486
2025-09-11,0.29370004,0.41674572,0.28955427
2025-09-12,0.2933542,0.42140985,0.28523588
2025-09-15,0.2925882,0.4223325,0.2850793
2025-09-16,0.2928458,0.42153195,0.28562224
2025-09-17,0.29259288,0.42055345,0.2868537
2025-09-18,0.29091612,0.42343482,0.28564912
2025-09-19,0.2930503,0.4198508,0.2870989
2025-09-22,0.29332238,0.41612312,0.29055446
2025-09-23,0.29179296,0.4227638,0.28544316
2025-09-24,0.29258284,0.41894656,0.28847063
2025-09-25,0.29285783,0.41692352,0.29021865
2025-09-26,0.29230198,0.41957054,0.28812742
2025-09-29,0.29274586,0.42093208,0.2863221
2025-09-30,0.29259297,0.41885933,0.28854772
2025-10-01,0.2924402,0.4192426,0.2883172
2025-10-02,0.29311338,0.41674986,0.29013675
2025-10-03,0.29197603,0.41781563,0.29020825
2025-10-06,0.2915516,0.42283896,0.2856095
2025-10-07,0.29186717,0.4223289,0.28580394
2025-10-08,0.29213485,0.42097378,0.28689146
2025-10-09,0.2902686,0.42481157,0.2849199
2025-10-10,0.2906081,0.42562175,0.2837702
2025-10-13,0.29099753,0.42380816,0.28519434
2025-10-14,0.29072914,0.42375636,0.28551453
2025-10-15,0.29074275,0.42447478,0.28478256
2025-10-16,0.29257295,0.42107403,0.28635305
2025-10-17,0.29040876,0.4246953,0.28489596
2025-10-20,0.29011428,0.42557386,0.2843118
2025-10-21,0.29315245,0.41845348,0.28839406
2025-10-22,0.29160917,0.423236,0.28515482
2025-10-23,0.28255925,0.4092998,0.30814096
2025-10-24,0.29230836,0.420227,0.28746474
2025-10-27,0.29090527,0.42353642,0.2855583
2025-10-28,0.29049683,0.42502978,0.28447336
2025-10-29,0.2905128,0.42528674,0.2842005
2025-10-30,0.29139286,0.42461255,0.28399462
2025-10-31,0.29282254,0.41978532,0.2873921
2025-11-03,0.29284316,0.41996467,0.2871922
2025-11-04,0.29310638,0.41974992,0.28714377
2025-11-05,0.29103857,0.42408004,0.28488135
2025-11-06,0.29215667,0.42265338,0.28518993
2025-11-07,0.2926394,0.41996238,0.28739822
2025-11-10,0.29387954,0.4163665,0.289754
2025-11-11,0.29263633,0.41981414,0.2875495
2025-11-12,0.291646,0.42203647,0.2863175
2025-11-13,0.29289836,0.4211354,0.2859662
2025-11-14,0.29146123,0.42212224,0.28641653
2025-11-17,0.29211846,0.42152226,0.28635925
2025-11-18,0.2932498,0.4191786,0.2875717
2025-11-19,0.29314,0.41892597,0.287934
2025-11-20,0.29097697,0.42440888,0.2846141
2025-11-21,0.29149553,0.42293775,0.28556672
2025-11-24,0.29283687,0.4205707,0.28659245
2025-11-25,0.2930123,0.4187245,0.28826314
2025-11-26,0.29286996,0.41934553,0.28778458
2025-11-27,0.2927067,0.41971946,0.28757387
2025-11-28,0.2825759,0.40935063,0.3080735
2025-12-01,0.29212984,0.42187864,0.28599152
2025-12-02,0.29234326,0.41985667,0.2878
2025-12-03,0.29095796,0.42513287,0.28390914
2025-12-04,0.29257894,0.42071542,0.2867056
2025-12-05,0.2923955,0.4207727,0.28683177
2025-12-08,0.2922616,0.42093876,0.28679973
2025-12-09,0.2920297,0.42265382,0.2853165
2025-12-10,0.29246235,0.42097932,0.28655836
2025-12-11,0.29180062,0.4223028,0.28589657
2025-12-12,0.2922526,0.42188314,0.28586426
2025-12-15,0.29192397,0.42339563,0.28468043
2025-12-16,0.29300922,0.42073342,0.2862574
2025-12-17,0.29172266,0.42309326,0.28518414
2025-12-18,0.29204163,0.42261505,0.28534332
2025-12-19,0.2932347,0.4198885,0.28687683
